{"cameraMode":{"drawMode":0,"name":"Shaded","section":"Shading Mode"},"sceneLighting":false,"audioPlay":false,"sceneViewState":{"m_AlwaysRefresh":false,"showFog":true,"showSkybox":false,"showFlares":true,"showImageEffects":true,"showParticleSystems":true,"showVisualEffectGraphs":true,"m_FxEnabled":true},"in2DMode":false,"pivot":{"x":-24.953815460205079,"y":1.8404853343963624,"z":20.475481033325197},"rotation":{"x":0.00782359205186367,"y":0.96757572889328,"z":-0.2506735324859619,"w":0.030193151906132699},"size":1.6277161836624146,"orthographic":true}