{"cameraMode":{"drawMode":0,"name":"Shaded","section":"Shading Mode"},"sceneLighting":true,"audioPlay":false,"sceneViewState":{"m_AlwaysRefresh":false,"showFog":true,"showSkybox":true,"showFlares":true,"showImageEffects":true,"showParticleSystems":true,"showVisualEffectGraphs":true,"m_FxEnabled":true},"in2DMode":false,"pivot":{"x":-29.36237335205078,"y":0.8569176197052002,"z":20.716705322265626},"rotation":{"x":0.00782359205186367,"y":0.96757572889328,"z":-0.2506735324859619,"w":0.030193151906132699},"size":15.644198417663575,"orthographic":true}