{"cameraMode":{"drawMode":0,"name":"Shaded","section":"Shading Mode"},"sceneLighting":true,"audioPlay":false,"sceneViewState":{"m_AlwaysRefresh":false,"showFog":true,"showSkybox":true,"showFlares":true,"showImageEffects":true,"showParticleSystems":true,"showVisualEffectGraphs":true,"m_FxEnabled":true},"in2DMode":false,"pivot":{"x":17.905506134033204,"y":3.970574378967285,"z":30.29568862915039},"rotation":{"x":0.002298314357176423,"y":-0.9919361472129822,"z":0.12564870715141297,"w":0.01787683740258217},"size":6.10823392868042,"orthographic":true}