{"cameraMode":{"drawMode":0,"name":"Shaded","section":"Shading Mode"},"sceneLighting":true,"audioPlay":false,"sceneViewState":{"m_AlwaysRefresh":false,"showFog":true,"showSkybox":true,"showFlares":true,"showImageEffects":true,"showParticleSystems":true,"showVisualEffectGraphs":true,"m_FxEnabled":true},"in2DMode":false,"pivot":{"x":-38.562286376953128,"y":2.2898755073547365,"z":21.10584259033203},"rotation":{"x":0.2085466831922531,"y":0.7906370162963867,"z":-0.38631850481033327,"w":0.4268069565296173},"size":18.680139541625978,"orthographic":true}